gorunur_zaman,sembol,yon,yayilim_saat,toplam_notional,oi_degisim,fiyat,isinma
2026-09-05T21:40:09+00:00,1000XECUSDT,long,3.02,2735.4,0.0039,0.00724,evet
2026-09-05T21:40:14+00:00,ACEUSDT,short,3.82,27365.7,0.0164,0.1747,evet
2026-09-05T21:40:32+00:00,APRUSDT,short,0.00,23796.9,0.0025,0.23627,evet
2026-09-05T21:40:35+00:00,BEATUSDT,short,2.27,34290.5,0.0116,0.1235,evet
2026-09-05T21:40:45+00:00,EDGEUSDT,short,2.66,66357.9,0.0033,0.619,evet
2026-09-05T21:40:47+00:00,ESPORTSUSDT,short,0.00,8118.8,0.0129,0.01507,evet
2026-09-05T21:41:29+00:00,UAIUSDT,short,3.37,211995.5,0.0522,0.50304,evet
2026-09-05T21:41:59+00:00,ZECUSDT,short,1.88,769283.8,0.0158,1011.87,evet
2026-09-05T23:23:53+00:00,AKEUSDT,short,1.73,63397.9,0.0069,0.019531,evet
2026-09-05T23:23:54+00:00,ALLOUSDT,short,2.81,6795.8,0.0017,0.2452,evet
2026-09-06T01:12:50+00:00,LABUSDT,short,0.79,12404.6,0.0002,0.074,evet
2026-09-06T06:01:20+00:00,ALLOUSDT,short,3.52,22132.8,0.0011,0.2458,evet
2026-09-06T06:02:05+00:00,ELSAUSDT,short,1.82,24342.8,0.0267,0.05525,evet
2026-09-06T10:50:46+00:00,BTWUSDT,short,0.43,27466.4,0.0002,0.457539,evet
2026-09-06T10:52:32+00:00,UBUSDT,short,2.37,39456.4,0.0017,0.13496,evet
2026-09-06T20:48:05+00:00,EVAAUSDT,short,1.57,11390.1,0.0004,0.6841,hayir
2026-09-06T22:26:50+00:00,ACEUSDT,short,2.02,44638.9,0.0031,0.1712,hayir
2026-09-07T00:13:18+00:00,EDGEUSDT,short,3.61,41274.9,0.0013,0.6108,hayir
2026-09-07T00:13:54+00:00,KORUUSDT,short,0.07,417644.9,0.0367,23.569,hayir
2026-09-07T04:51:28+00:00,BTWUSDT,short,0.92,49795.5,0.0011,0.445846,hayir
2026-09-07T04:52:43+00:00,MUUUSDT,short,0.24,306994.0,0.0026,35.151,hayir
2026-09-07T09:57:33+00:00,EPICUSDT,short,2.45,42789.1,0.0020,0.4416,hayir
2026-09-07T15:34:07+00:00,APRUSDT,short,1.51,65549.8,0.0006,0.20326,hayir
2026-09-07T15:36:17+00:00,TUSDT,short,3.77,54213.7,0.0036,0.004397,hayir
2026-09-08T00:28:42+00:00,ELSAUSDT,short,0.30,16192.4,0.0224,0.05119,hayir
2026-09-08T00:28:47+00:00,EVAAUSDT,short,1.41,27330.4,0.0010,0.6014,hayir
2026-09-08T05:05:42+00:00,HYPEUSDT,short,0.04,1111671.8,0.0253,84.497,hayir
2026-09-08T05:05:59+00:00,KORUUSDT,short,2.24,392838.7,0.0290,24.706,hayir
2026-09-08T13:51:20+00:00,EDGEUSDT,short,2.84,34224.4,0.0006,0.5999,hayir
2026-09-08T13:51:21+00:00,ELSAUSDT,short,1.24,15760.9,0.0106,0.0517,hayir
2026-09-08T20:21:07+00:00,MUUUSDT,short,0.66,144491.0,0.0428,34.594,hayir
2026-09-08T22:46:52+00:00,LABUSDT,short,0.23,17663.5,0.0065,0.0699,hayir
2026-09-09T00:42:06+00:00,AKEUSDT,short,1.31,66466.4,0.0386,0.019048,hayir
2026-09-09T00:43:03+00:00,KORUUSDT,short,0.02,408825.6,0.0113,24.373,hayir
2026-09-09T05:23:43+00:00,LABUSDT,short,0.40,35361.2,0.0086,0.0667,hayir
2026-09-09T05:24:30+00:00,USUSDT,short,0.27,27291.2,0.0044,0.01493,hayir
2026-09-09T14:22:05+00:00,ELSAUSDT,short,3.27,18666.7,0.0005,0.05066,hayir
2026-09-09T14:23:29+00:00,USUSDT,short,1.49,17139.8,0.0034,0.01533,hayir
2026-09-10T05:17:20+00:00,ACEUSDT,short,2.29,63371.2,0.0007,0.151,hayir
2026-09-10T05:17:53+00:00,APRUSDT,short,0.45,63378.0,0.0079,0.14393,hayir
2026-09-10T09:50:40+00:00,AKEUSDT,short,0.77,73468.4,0.0065,0.0157049,hayir
2026-09-10T14:04:27+00:00,EVAAUSDT,short,2.86,29297.6,0.0024,0.4833,hayir
2026-09-10T17:39:56+00:00,ALLOUSDT,short,2.71,33779.3,0.0233,0.21558,hayir
2026-09-10T20:02:28+00:00,KORUUSDT,short,2.72,375542.9,0.0921,21.172,hayir
2026-09-10T20:03:07+00:00,USUSDT,short,3.93,16671.6,0.0100,0.016111,hayir
2026-09-10T22:31:02+00:00,1000XECUSDT,short,2.49,15871.5,0.0015,0.00726,hayir
2026-09-10T22:33:34+00:00,ZECUSDT,short,0.01,710226.6,0.0116,1108.0,hayir
2026-09-11T05:12:35+00:00,APRUSDT,short,1.76,20952.9,0.0048,0.15878,hayir
2026-09-11T09:48:47+00:00,EDGEUSDT,short,0.49,43413.4,0.0024,0.5407,hayir
2026-09-11T09:50:01+00:00,MUUUSDT,short,3.06,257707.6,0.0404,31.513,hayir
2026-09-11T13:53:17+00:00,BEATUSDT,short,2.21,53200.7,0.0039,0.0798,hayir
2026-09-11T17:30:52+00:00,EDGEUSDT,short,0.25,32272.3,0.0027,0.5474,hayir
2026-09-12T00:28:28+00:00,ALLOUSDT,short,3.92,48034.4,0.0018,0.2201,hayir
2026-09-12T00:28:46+00:00,BEATUSDT,short,3.67,51124.1,0.0298,0.0906,hayir
2026-09-12T00:30:05+00:00,UAIUSDT,short,2.13,52655.3,0.0024,0.64606,hayir
2026-09-12T09:01:13+00:00,EDGEUSDT,short,3.84,28324.3,0.0003,0.6119,hayir
2026-09-12T09:01:52+00:00,LABUSDT,short,0.11,35013.8,0.0001,0.0733,hayir
2026-09-12T15:53:02+00:00,AKEUSDT,short,3.13,62699.9,0.0023,0.0140198,hayir
2026-09-13T04:57:36+00:00,MUUUSDT,short,2.53,109366.9,0.0042,30.953,hayir
2026-09-13T17:26:45+00:00,EPICUSDT,short,1.78,25744.6,0.0001,0.3615,hayir
2026-09-13T17:27:31+00:00,LABUSDT,short,0.55,53260.9,0.0269,0.0682,hayir
2026-09-13T21:42:21+00:00,APRUSDT,short,3.04,19629.1,0.0013,0.1445,hayir
2026-09-13T23:38:40+00:00,KORUUSDT,short,0.45,340441.2,0.0126,22.09,hayir
2026-09-14T07:06:38+00:00,LABUSDT,short,0.86,51854.9,0.0249,0.0591,hayir
2026-09-14T13:57:42+00:00,APRUSDT,short,3.86,16117.5,0.0099,0.14622,hayir
2026-09-14T13:58:24+00:00,ELSAUSDT,short,3.44,18380.8,0.0011,0.05032,hayir
2026-09-14T13:58:46+00:00,EWYUSDT,short,1.76,90437.5,0.0328,182.41,hayir
2026-09-14T19:06:36+00:00,ALLOUSDT,short,3.61,22750.2,0.0005,0.21983,hayir
2026-09-15T05:29:17+00:00,ACEUSDT,short,3.60,44118.9,0.0149,0.149,hayir
2026-09-15T05:29:56+00:00,ELSAUSDT,short,2.49,33209.5,0.0156,0.05071,hayir
2026-09-15T10:23:20+00:00,BEATUSDT,short,0.00,80953.1,0.0036,0.0827,hayir
2026-09-15T10:24:42+00:00,HYPEUSDT,short,0.17,517273.3,0.0006,81.741,hayir
2026-09-15T15:12:04+00:00,KORUUSDT,short,0.21,1166134.2,0.0107,18.499,hayir
2026-09-15T15:13:21+00:00,VELVETUSDT,short,1.56,36419.2,0.0006,0.05141,hayir
2026-09-15T22:07:58+00:00,USUSDT,short,1.50,16816.1,0.0023,0.015711,hayir
2026-09-16T00:14:42+00:00,ELSAUSDT,short,2.20,23133.2,0.2353,0.04965,hayir
2026-09-16T04:55:57+00:00,AKEUSDT,short,0.29,69202.2,0.1168,0.0280898,hayir
2026-09-16T04:56:02+00:00,BANKUSDT,short,0.01,17573.5,0.0030,0.0274,hayir
2026-09-16T04:57:16+00:00,LABUSDT,short,0.14,68976.7,0.0046,0.0522,hayir
2026-09-16T09:42:55+00:00,MUUUSDT,short,3.69,47787.3,0.0062,27.904,hayir
2026-09-16T09:43:09+00:00,SNDKUSDT,short,0.04,1405869.7,0.0231,1546.04,hayir
2026-09-16T21:26:10+00:00,BTWUSDT,short,0.85,54259.6,0.0031,0.74,hayir
2026-09-16T21:26:59+00:00,LABUSDT,short,2.73,20373.1,0.0142,0.0466,hayir
2026-09-16T21:27:40+00:00,VELVETUSDT,short,1.91,28984.3,0.0074,0.05097,hayir
2026-09-17T06:43:57+00:00,BANKUSDT,short,0.01,19335.9,0.0002,0.02662,hayir
2026-09-17T06:44:11+00:00,EDGEUSDT,short,3.76,29629.9,0.0039,0.6437,hayir
2026-09-17T12:11:03+00:00,AKEUSDT,short,2.13,94207.9,0.0362,0.019447,hayir
2026-09-17T12:11:16+00:00,BEATUSDT,short,2.42,72464.0,0.0879,0.0792,hayir
2026-09-17T17:06:32+00:00,EDGEUSDT,short,2.93,39747.4,0.0017,0.6627,hayir
2026-09-17T17:07:45+00:00,TUSDT,short,0.07,63634.0,0.0505,0.004552,hayir
2026-09-17T17:08:10+00:00,VELVETUSDT,short,1.68,40334.7,0.0259,0.05561,hayir
2026-09-18T05:47:43+00:00,AKEUSDT,short,0.00,114027.1,0.0071,0.0212841,hayir
2026-09-18T05:48:51+00:00,KORUUSDT,short,0.14,454326.6,0.0017,20.131,hayir
2026-09-18T10:05:37+00:00,EDGEUSDT,short,3.61,32841.6,0.0008,0.6037,hayir
2026-09-18T10:05:38+00:00,ELSAUSDT,short,0.08,45110.9,0.0057,0.0555,hayir
2026-09-18T14:27:16+00:00,APRUSDT,short,2.48,90510.7,0.0058,0.15781,hayir
2026-09-18T14:27:43+00:00,EPICUSDT,short,3.92,22979.4,0.0031,0.3619,hayir
2026-09-18T14:28:01+00:00,EVAAUSDT,short,0.05,23969.7,0.0556,0.6944,hayir
2026-09-18T14:29:34+00:00,VELVETUSDT,short,3.54,35669.9,0.0678,0.0577,hayir
2026-09-18T17:48:16+00:00,EVAAUSDT,short,2.69,30013.3,0.0677,0.5704,hayir
2026-09-18T22:33:41+00:00,MUUUSDT,short,2.85,47576.4,0.0213,31.89,hayir
2026-09-18T22:34:08+00:00,UAIUSDT,short,0.44,76058.6,0.0019,0.41976,hayir
2026-09-19T00:36:23+00:00,ALLOUSDT,short,1.66,76526.0,0.0033,0.2282,hayir
2026-09-19T05:01:29+00:00,EPICUSDT,short,2.68,37259.8,0.0037,0.4008,hayir
2026-09-19T05:02:20+00:00,SNDKUSDT,short,1.46,1016468.7,0.0123,1797.07,hayir
2026-09-19T16:34:22+00:00,ELSAUSDT,short,1.00,23053.3,0.0116,0.05541,hayir
2026-09-19T21:17:47+00:00,BANKUSDT,short,2.43,49164.5,0.0078,0.0401,hayir
2026-09-20T06:25:49+00:00,ZECUSDT,short,1.96,4230402.5,0.0037,1485.0,hayir
2026-09-20T17:56:41+00:00,BEATUSDT,short,1.38,26476.7,0.0002,0.0854,hayir
2026-09-20T17:58:37+00:00,USUSDT,short,0.01,29510.8,0.0101,0.01615,hayir
2026-09-20T20:24:33+00:00,EDGEUSDT,short,3.40,26014.3,0.0013,0.5742,hayir
2026-09-20T20:24:48+00:00,EWYUSDT,short,2.59,19931.6,0.0007,180.57,hayir
2026-09-20T20:25:10+00:00,LABUSDT,short,0.84,17501.4,0.0426,0.052,hayir
2026-09-20T22:36:18+00:00,BANKUSDT,short,0.58,45081.8,0.0017,0.03317,hayir
2026-09-20T22:36:31+00:00,BTWUSDT,short,0.74,68991.6,0.0038,0.768798,hayir
2026-09-20T22:36:31+00:00,DEXEUSDT,short,3.73,96271.8,0.0020,1.863,hayir
2026-09-20T22:37:10+00:00,KORUUSDT,short,0.18,1095766.9,0.0087,20.1,hayir
2026-09-21T10:58:14+00:00,BANKUSDT,short,1.42,131656.6,0.0001,0.03411,hayir
2026-09-21T10:58:36+00:00,DEXEUSDT,short,2.16,59101.5,0.0014,1.882,hayir
2026-09-21T10:58:41+00:00,EDGEUSDT,short,2.31,30647.5,0.0116,0.6105,hayir
2026-09-21T11:00:14+00:00,SNDKUSDT,short,0.39,1560652.3,0.0361,1815.0,hayir
2026-09-21T23:41:15+00:00,APRUSDT,short,2.78,30847.1,0.0261,0.14673,hayir
2026-09-22T01:55:18+00:00,1000XECUSDT,short,1.07,53053.6,0.0016,0.00823,hayir
2026-09-22T01:57:49+00:00,USUSDT,short,3.20,24000.0,0.0005,0.01734,hayir
2026-09-22T12:41:53+00:00,EDGEUSDT,short,0.00,39861.3,0.0329,0.6228,hayir
2026-09-22T12:43:39+00:00,SNDKUSDT,short,1.76,2734876.8,0.0031,1781.53,hayir
2026-09-22T17:20:03+00:00,APRUSDT,short,2.51,27953.8,0.0083,0.14673,hayir
2026-09-22T23:01:05+00:00,BANKUSDT,short,1.46,75070.7,0.0004,0.03448,hayir
2026-09-23T01:25:17+00:00,DEXEUSDT,short,3.44,40572.4,0.0023,1.981,hayir
2026-09-23T06:19:27+00:00,APRUSDT,short,3.65,21844.3,0.0356,0.14537,hayir
2026-09-23T06:19:48+00:00,EDGEUSDT,short,2.61,71204.0,0.0007,0.5962,hayir
2026-09-23T16:07:34+00:00,EWYUSDT,short,2.22,93578.4,0.0206,187.01,hayir
2026-09-23T19:39:26+00:00,ALLOUSDT,short,3.11,71345.0,0.0404,0.28719,hayir
2026-09-23T19:39:53+00:00,ELSAUSDT,short,0.67,24488.6,0.0292,0.05798,hayir
2026-09-23T19:40:52+00:00,SNDKUSDT,short,2.58,1320465.8,0.0053,1889.85,hayir
2026-09-23T22:29:23+00:00,ZECUSDT,short,0.05,680169.9,0.0103,1500.26,hayir
2026-09-24T00:45:36+00:00,HYPEUSDT,short,2.44,1247369.3,0.0002,93.8,hayir
2026-09-24T00:46:19+00:00,ZECUSDT,short,1.80,719619.8,0.0043,1509.29,hayir
2026-09-24T05:32:20+00:00,LABUSDT,short,0.11,48476.3,0.0049,0.0568,hayir
2026-09-24T10:32:16+00:00,UBUSDT,short,2.73,51873.3,0.0037,0.14429,hayir
2026-09-24T15:29:24+00:00,LABUSDT,short,2.63,16458.9,0.0039,0.0561,hayir
2026-09-24T22:38:42+00:00,EPICUSDT,short,1.35,21815.7,0.0009,0.5132,hayir
2026-09-24T22:39:54+00:00,SNDKUSDT,short,4.00,1185458.9,0.0227,1742.29,hayir
2026-09-25T22:42:38+00:00,EPICUSDT,short,0.00,49845.1,0.0042,0.4971,hayir
2026-09-25T22:43:45+00:00,UBUSDT,short,3.75,47725.5,0.0126,0.14791,hayir
2026-09-25T22:43:49+00:00,VELVETUSDT,short,3.22,65825.7,0.0024,0.0597,hayir
2026-09-26T00:56:14+00:00,ELSAUSDT,short,3.44,26575.2,0.0065,0.05665,hayir
2026-09-26T00:56:43+00:00,LABUSDT,short,3.89,26825.4,0.0013,0.05932,hayir
2026-09-26T10:50:08+00:00,UBUSDT,short,0.11,43610.5,0.0030,0.14791,hayir
2026-09-26T18:05:01+00:00,BEATUSDT,short,0.74,104003.8,0.0653,0.10308,hayir
2026-09-26T21:05:35+00:00,KORUUSDT,short,2.45,114634.2,0.0005,21.405,hayir
2026-09-26T21:06:05+00:00,USUSDT,short,2.30,147941.7,0.0104,0.02707,hayir
2026-09-27T07:09:34+00:00,BEATUSDT,short,3.41,192588.8,0.0592,0.099,hayir
2026-09-27T07:10:35+00:00,SNDKUSDT,short,1.60,245201.8,0.0015,1768.8,hayir
2026-09-27T13:00:02+00:00,ACEUSDT,short,0.14,42569.0,0.0397,0.2117,hayir
2026-09-27T17:40:38+00:00,EDGEUSDT,short,3.08,33784.0,0.0005,0.6219,hayir
2026-09-27T17:41:28+00:00,UAIUSDT,short,1.11,70701.6,0.0074,0.32473,hayir
2026-09-28T07:45:32+00:00,MUUUSDT,short,1.48,41870.7,0.0681,37.479,hayir
2026-09-29T07:22:52+00:00,APRUSDT,short,0.50,32271.5,0.0100,0.11414,hayir
2026-09-29T07:23:07+00:00,BEATUSDT,short,3.08,40451.8,0.0150,0.09079,hayir
2026-09-29T07:24:17+00:00,LABUSDT,short,2.84,30929.6,0.0085,0.0518,hayir
2026-09-29T14:14:04+00:00,APRUSDT,short,0.90,76025.0,0.0015,0.12197,hayir
2026-09-29T14:14:36+00:00,BTWUSDT,short,2.13,73204.1,0.0035,1.125,hayir
2026-09-29T14:15:42+00:00,KORUUSDT,short,3.85,240622.0,0.0064,20.45,hayir
2026-09-29T14:16:02+00:00,MUUUSDT,short,0.24,87636.5,0.0555,35.063,hayir
2026-09-29T14:16:42+00:00,UBUSDT,short,1.48,59282.5,0.0165,0.15531,hayir
2026-09-29T19:28:03+00:00,ELSAUSDT,short,0.07,13013.4,0.0009,0.05788,hayir
2026-09-30T02:03:55+00:00,BANKUSDT,short,2.84,12334.6,0.0043,0.03098,hayir
2026-09-30T02:03:57+00:00,BEATUSDT,short,3.37,34644.7,0.0161,0.09277,hayir
2026-09-30T02:04:54+00:00,KORUUSDT,short,3.91,392840.2,0.0003,21.392,hayir
2026-09-30T08:25:52+00:00,ACEUSDT,short,0.00,54471.4,0.0066,0.1799,hayir
2026-09-30T08:28:09+00:00,UBUSDT,short,1.24,53811.2,0.0003,0.15531,hayir
2026-09-30T08:28:24+00:00,VELVETUSDT,short,2.59,17197.4,0.0041,0.057,hayir
2026-09-30T15:07:36+00:00,EPICUSDT,short,0.55,96581.4,0.0001,0.5519,hayir
2026-09-30T19:59:01+00:00,BANKUSDT,short,0.51,16485.0,0.0004,0.0317,hayir
2026-10-01T02:25:14+00:00,LABUSDT,short,1.51,32130.9,0.0003,0.05481,hayir
2026-10-01T02:25:57+00:00,USUSDT,short,2.62,39947.6,0.0079,0.02608,hayir
2026-10-01T16:30:58+00:00,APRUSDT,short,0.08,111794.1,0.0203,0.14079,hayir
2026-10-01T21:19:56+00:00,TUSDT,short,3.14,11129.8,0.0166,0.00551,hayir
2026-10-02T06:40:07+00:00,ACEUSDT,short,0.58,64611.0,0.0131,0.1879,hayir
2026-10-02T06:40:57+00:00,DEXEUSDT,short,1.29,45777.2,0.0102,1.982,hayir
2026-10-02T06:40:59+00:00,EPICUSDT,short,3.90,29888.1,0.0027,0.5437,hayir
2026-10-02T06:41:47+00:00,KORUUSDT,short,0.02,488252.4,0.0439,20.884,hayir
2026-10-02T13:12:07+00:00,BANKUSDT,short,3.30,16892.0,0.0108,0.03115,hayir
2026-10-02T18:30:19+00:00,BTWUSDT,short,3.97,40795.8,0.0002,1.42488,hayir
2026-10-02T18:30:27+00:00,EDGEUSDT,short,0.01,80436.4,0.0055,0.5166,hayir
2026-10-03T01:22:06+00:00,HYPEUSDT,short,0.01,2314634.0,0.0304,89.6,hayir
2026-10-03T01:23:14+00:00,VELVETUSDT,short,0.89,64592.0,0.0117,0.06494,hayir
2026-10-03T06:51:01+00:00,EVAAUSDT,short,0.10,28296.8,0.0072,0.8066,hayir
2026-10-03T12:08:31+00:00,LABUSDT,short,0.31,14613.5,0.0003,0.05245,hayir
2026-10-03T16:13:41+00:00,TUSDT,short,0.13,32323.3,0.0038,0.005503,hayir
2026-10-04T00:43:19+00:00,APRUSDT,short,1.88,46113.4,0.0003,0.13964,hayir
2026-10-04T12:43:44+00:00,BTWUSDT,short,2.89,34562.6,0.0035,1.18999,hayir
2026-10-04T17:05:29+00:00,EWYUSDT,short,0.83,13077.3,0.0009,191.4,hayir
2026-10-05T08:21:13+00:00,VELVETUSDT,short,3.43,39664.1,0.0067,0.06823,hayir
